Year,Minimum Wage SF,Minimum Wage SD2017,14,11.52016,13,10.52015,11.08,9.752014,10.74,92013,10.55,92012,10.24,92011,9.92,92010,9.79,92009,9.79,92008,9.36,92007,9.14,92006,8.82,92005,8.62,92004,8.5,9